country,province,area_ha,tc_loss_ha_2014,tc_loss_ha_2015,tc_loss_ha_2016,tc_loss_ha_2017,tc_loss_ha_2018,tc_loss_ha_2019,tc_loss_ha_2020,tc_loss_ha_2021,tc_loss_ha_2022,tc_loss_ha_2023,total_tc_loss_2014-2023
Philippines,Agusan del Norte,299206,17720,13574,14717,14605,7606,8802,7175,7848,4889,4483,101419
Philippines,Agusan del Sur,858450,100157,75003,79733,97184,55392,55929,43778,38542,31879,25934,603531
Philippines,Basilan,136882,4462,1900,9951,4129,7045,6717,1984,2717,3017,2125,44047
Philippines,Tawi-Tawi,118017,7272,6095,17441,9355,7307,5573,4362,4009,2449,4904,68767
Philippines,Cavite,124385,935,297,968,701,783,764,256,277,436,431,5848
Philippines,Negros Occidental,781199,1751,1368,4256,9228,2516,2731,2064,1685,4508,917,31024
Philippines,Ifugao,250338,1280,1512,4345,4434,3355,2655,3479,4447,2531,2930,30968
Philippines,Leyte,556147,130306,4603,9446,9366,4468,2164,3420,2965,3150,2832,172720
Philippines,Capiz,265106,5466,958,7654,7105,3582,3712,2448,1704,3074,1698,37401
Philippines,Batanes,20763,1193,0,0,1275,74,103,33,261,78,75,3092
Philippines,Iloilo,471402,4790,951,7484,7597,4716,3283,2032,2095,2706,2063,37717
Philippines,Samar,544193,12228,11338,35069,35955,9280,20239,22653,10558,9345,8167,174832
Philippines,Zamboanga del Sur,529492,7526,9847,23638,14196,10115,10477,7866,6518,11886,7433,109502
Philippines,Batangas,322051,3810,1135,2783,2712,1600,1143,1594,1049,1127,1915,18868
Philippines,Sarangani,324413,5050,1947,7927,9443,8608,4927,4029,2589,4933,4888,54341
Philippines,Lanao del Norte,284090,3626,4352,9148,9521,5643,5761,5014,4509,3138,3064,53776
Philippines,South Cotabato,434857,4663,6818,10340,13587,8747,6268,4629,4464,4829,5413,69758
Philippines,Biliran,53441,995,264,289,1048,886,90,1198,130,49,39,4988
Philippines,Cebu,488171,2067,868,4262,6406,2598,1388,1308,1449,5091,1145,26582
Philippines,Negros Oriental,499839,2014,777,2749,5299,1918,1281,871,2112,6894,849,24764
Philippines,Quezon,836078,21573,4544,17862,17561,9252,13579,14681,8525,9091,8293,124961
Philippines,Laguna,269660,3470,348,2233,2065,1606,945,1003,895,1485,2052,16102
Philippines,Romblon,132620,1183,577,10166,1432,744,1555,1004,505,722,640,18528
Philippines,Cagayan,881749,9086,10975,15856,16142,36986,6014,12999,13494,9362,13617,144531
Philippines,Davao del Norte,348833,12175,7259,14619,22181,12430,12262,13569,7785,12171,11000,125451
Philippines,Bukidnon,910082,12265,10864,29524,17132,9880,9860,10036,5190,6619,6881,118251
Philippines,Palawan,1453685,89935,116467,171786,121842,65083,93320,88876,57380,251516,42433,1098638
Philippines,Davao del Sur,604920,8749,4405,15825,15757,6385,7202,6937,4314,6295,4657,80526
Philippines,Camarines Norte,210994,3017,1941,5443,5198,4348,3162,4203,1931,2176,2962,34381
Philippines,Siquijor,32099,46,30,253,146,106,76,29,49,12,48,795
Philippines,Marinduque,92932,963,287,1124,1857,402,755,340,369,302,272,6671
Philippines,Pangasinan,519299,394,204,2684,1576,872,513,807,527,784,876,9237
Philippines,Misamis Occidental,189527,2944,1108,4807,4719,1439,1031,1651,2428,1283,1302,22712
Philippines,Apayao,391371,13332,16408,31938,31882,41361,13401,16381,17695,15299,15795,213492
Philippines,Guimaras,60494,315,196,767,1544,609,728,414,910,577,722,6782
Philippines,Rizal,126800,1217,971,4711,2865,1645,1521,965,1204,2136,1291,18526
Philippines,Metropolitan Manila,55755,18,2,84,10,11,24,16,2,45,2,214
Philippines,Abra,397148,2125,1470,2718,3072,1773,1297,1237,1178,812,2392,18074
Philippines,Isabela,1028214,8983,6942,15912,27473,17794,10177,10707,8592,5562,5624,117766
Philippines,Aurora,304121,2641,2659,3664,2585,3310,1584,2908,3879,2503,3131,28864
Philippines,Maguindanao,478417,6515,4796,10264,9131,7376,6504,7944,2654,5171,5721,66076
Philippines,Bataan,131695,263,174,490,678,530,302,315,646,776,2108,6282
Philippines,Sorsogon,199166,1931,2935,8090,1376,497,254,1901,326,484,365,18159
Philippines,Occidental Mindoro,591525,9549,11441,24896,18223,12521,12079,9683,10748,11250,10083,130473
Philippines,Misamis Oriental,332929,4053,2904,5453,5494,2693,3225,2859,3396,1829,2344,34250
Philippines,Benguet,263937,767,96,1012,1109,460,368,369,294,257,568,5300
Philippines,Sulu,155865,2948,2027,4149,1260,1070,823,971,2223,1176,1032,17679
Philippines,Compostela Valley,424708,43345,11981,20437,28818,15901,16164,14999,10975,11296,10286,184202
Philippines,Albay,251373,2848,115,508,6311,814,869,2588,1509,749,772,17083
Philippines,Aklan,166432,1824,355,2452,1981,919,1934,1254,382,1440,552,13093
Philippines,Camiguin,24404,37,16,299,110,9,8,52,62,17,34,644
Philippines,Tarlac,301505,1326,1679,6271,5797,3253,1162,1234,1025,1263,1350,24360
Philippines,Nueva Ecija,547549,3810,1263,5475,1032,1226,242,348,532,766,462,15156
Philippines,Surigao del Sur,430816,32176,27894,25064,33999,16003,20755,15248,13017,11067,9283,204506
Philippines,Surigao del Norte,209758,4949,1147,2512,4936,934,3186,1813,5089,20039,1967,46572
Philippines,Masbate,400513,1689,681,5482,3113,1524,1124,3336,664,579,736,18928
Philippines,La Union,146254,346,177,370,433,294,162,149,82,93,193,2299
Philippines,Mountain Province,212857,1673,1185,3280,2106,1919,1285,1407,1449,1410,2393,18107
Philippines,Kalinga,289776,4362,4502,8778,7342,5259,2995,4368,3315,3260,5090,49271
Philippines,Northern Samar,339436,6432,3917,20495,8982,2785,6826,10426,2070,1325,1229,64487
Philippines,Sultan Kudarat,444689,10909,9799,16034,17248,10882,8065,7145,5345,6387,5466,97280
Philippines,North Cotabato,635841,10797,10464,30106,20617,9361,9720,10286,6536,6712,5989,120588
Philippines,Zamboanga Sibugay,271444,6556,10968,19615,11200,12609,12973,11433,6176,11341,5718,108589
Philippines,Davao Oriental,512475,42403,15696,33237,33198,27777,17529,16384,21449,15591,20501,243765
Philippines,Bohol,397833,1160,611,2749,4635,1096,673,1172,1591,18571,943,33201
Philippines,Pampanga,225010,319,279,520,1228,265,114,190,420,154,167,3656
Philippines,Oriental Mindoro,424038,11543,6015,37589,15918,7396,5782,8756,9053,8174,5411,115637
Philippines,Camarines Sur,529925,5288,1745,5471,14370,3210,4745,4866,4546,2583,2786,49610
Philippines,Catanduanes,147302,1795,458,476,5032,429,491,258,655,196,148,9938
Philippines,Quirino,309818,3490,5213,11965,8219,7811,4947,4625,8309,4053,4273,62905
Philippines,Zambales,365616,929,744,4376,3511,1126,601,1432,992,1386,1475,16572
Philippines,Ilocos Norte,337773,1327,641,825,1329,632,696,556,682,926,1076,8690
Philippines,Zamboanga del Norte,639203,23321,34694,71082,41000,26801,27522,24375,12991,23332,13099,298217
Philippines,Antique,273586,485,161,1636,799,216,569,316,308,885,512,5887
Philippines,Southern Leyte,168381,469,292,918,2061,448,247,309,739,38684,345,44512
Philippines,Nueva Vizcaya,392341,2446,2446,7006,5666,4374,2311,2954,4449,2214,4192,38058
Philippines,Bulacan,255686,1324,985,2671,2098,1582,1018,1221,1304,1113,1273,14589
Philippines,Ilocos Sur,250393,961,228,648,451,313,147,176,256,274,236,3690
Philippines,Lanao del Sur,387771,4607,4212,18636,14876,7525,5543,4489,3880,4806,5635,74209
Philippines,Eastern Samar,427885,51968,10059,7025,9565,4032,4239,18132,4180,1981,2045,113226
Philippines,Dinagat Islands,80863,1264,1920,2163,1441,358,1204,1328,1276,20238,1638,32830