Year,Total_Typhoons,Prev_month_typhoons,Avg_ONI,Avg_Nino3.4_SST_anomaly,Avg_Western_Pacific_SST,Avg_Vertical_Wind_Shear,Avg_Midlevel_Humidity,Avg_SeaLevelPressure,Avg_MJO_Phase
2017,18,19,-0.008333333,-0.015833333,0.294166667,10.108333333,61.633333333,1007.175,5.75
2015,9,8,1.505,1.4925,0.128333333,9.983333333,62.475,1007.341666667,3.833333333
2019,14,15,0.670833333,0.691666667,0.108333333,10.575,63.516666667,1007.216666667,3.916666667
2023,15,14,0.0375,0.025,0.0575,10.416666667,61.441666667,1006.975,3.916666667
2020,25,21,-1.014166667,-1.011666667,0.205833333,10.341666667,61.125,1007.5,4.916666667
2014,16,16,0.063333333,0.049166667,-0.0225,10.441666667,62.608333333,1007.733333333,3.916666667
2021,14,15,-0.861666667,-0.858333333,0.200833333,10.325,62.116666667,1007.391666667,4.333333333
2022,13,16,-1.188333333,-1.204166667,0.011666667,10.191666667,64.208333333,1007.025,3.916666667
2018,13,12,-0.325833333,-0.331666667,0.263333333,10.433333333,63.075,1007.666666667,5.166666667
2016,17,17,-0.465833333,-0.448333333,0.093333333,10.316666667,63.225,1007.325,3.583333333
