Table 1.2.1,,,,,,,,,,,,,
AMOUNT OF RAINFALL BY MONITORING STATION,,,,,,,,,,,,,
2014,,,,,,,,,,,,,
(in millimeters),,,,,,,,,,,,,
,,,,,,,,,,,,,
Monitoring Station,Jan,Feb,Mar,Apr,May,Jun,Jul,Aug,Sep,Oct,Nov,Dec,Annual
"Alabat, Quezon",120.4,94.2,123.1,25.8,50.8,95.3,298.2,166.3,437.2,439.7,686.9,888.6,"3,426.5"
"Ambulong, Batangas",0.5,0.0,28.1,22.4,154.6,78.9,406.7,212.5,321.5,223.5,43.0,326.8,"1,818.5"
"Aparri, Cagayan",62.5,22.5,7.5,2.5,32.5,197.0,358.5,138.0,239.5,114.0,41.0,206.0,"1,421.5"
"Baguio City, Benguet",0.0,0.0,5.9,126.3,213.0,401.7,449.2,527.9,980.4,107.1,39.2,9.5,"2,860.2"
"Baler, Aurora (Radar)",33.9,134.2,342.7,108.0,112.3,42.2,140.7,251.3,294.1,366.3,167.6,335.2,"2,328.5"
"Basco, Batanes (Radar)",55.0,24.1,20.1,65.1,70.9,321.3,169.8,162.0,154.0,68.1,122.1,136.7,"1,369.2"
"Borongan, Eastern Samar","1,187.6",181.5,437.8,559.9,120.8,266.2,211.8,120.4,334.0,355.6,553.3,"1,366.7","5,695.6"
"Butuan City, Agusan Del Norte",721.4,72.7,258.8,57.4,100.8,145.7,149.2,131.4,225.8,82.8,167.5,416.9,"2,530.4"
"Cabanatuan, Nueva Ecija",0.0,1.4,5.8,9.0,36.2,209.2,247.3,239.0,308.1,201.4,25.5,42.2,"1,325.1"
"Calapan, Oriental Mindoro",51.8,22.8,32.0,19.4,194.9,154.4,219.1,192.7,223.2,299.6,95.6,386.6,"1,892.1"
"Calayan, Cagayan",214.8,64.2,23.3,24.0,...,165.4,240.3,148.6,197.4,55.6,129.4,275.6,"**1,538.6"
"Casiguran, Aurora",108.4,49.2,413.1,67.7,39.6,70.8,189.7,283.4,255.4,539.0,481.5,606.5,"3,104.3"
"Catarman, Northern Samar",734.5,200.3,414.7,387.8,31.5,371.8,428.1,286.9,286.3,479.5,448.3,"1,052.2","5,121.9"
"Catbalogan, Western Samar",451.9,44.1,226.7,319.8,93.7,333.3,532.6,305.5,518.7,314.8,273.3,"1,139.7","4,554.1"
"Clark International Airport, Pampanga",0.0,24.0,1.8,26.6,163.3,320.1,417.4,308.8,271.9,101.8,20.2,34.9,"1,690.8"
"Coron, Palawan",4.2,50.5,1.0,69.8,23.9,391.3,"1,141.7",130.3,917.2,284.1,26.8,39.0,"3,079.8"
"Cotabato City, Maguindanao",91.5,49.8,99.4,50.6,171.5,208.6,286.5,249.6,218.6,247.3,132.4,77.4,"1,883.2"
"Cubi Point, Subic Bay Olongapo City, Zambales",0.0,1.3,0.3,46.3,27.5,614.1,959.8,605.6,642.3,185.6,26.0,52.0,"3,160.8"
"Cuyo, Palawan",49.4,0.6,4.0,35.2,96.8,488.4,649.6,333.2,375.0,255.2,64.6,121.4,"2,473.4"
"Daet, Camarines Norte",149.8,77.5,74.6,53.0,21.4,115.1,330.6,278.9,566.0,560.7,413.7,729.5,"3,370.8"
"Dagupan City, Pangasinan",0.0,0.0,1.6,185.0,227.7,441.8,557.3,451.7,870.0,143.1,1.6,23.4,"2,903.2"
"Dauis, Bohol",289.9,57.8,163.6,27.6,9.0,79.8,129.4,107.8,107.6,162.7,255.9,363.2,"1,754.3"
"Davao City, Davao Del Sur",285.3,23.8,235.3,150.5,94.7,134.3,50.1,163.7,175.2,338.9,179.9,122.6,"1,954.3"
"Dipolog, Zamboanga Del Norte",379.3,118.6,44.4,92.0,216.8,151.8,327.1,158.5,115.2,280.8,276.2,159.9,"2,320.6"
"Dumaguete City, Negros Oriental",186.2,68.0,261.9,41.9,155.2,130.1,153.4,71.8,162.8,239.7,394.9,170.1,"2,036.0"
"Molugan-El Salvador, Misamis Oriental (former Lumbia Station)",498.6,39.9,84.0,158.5,37.2,195.8,305.7,409.9,271.7,234.3,94.6,137.1,"2,467.3"
"General Santos, South Cotabato",256.8,51.7,99.5,46.3,30.7,130.3,140.5,62.8,108.1,80.6,76.5,45.6,"1,129.4"
"Guiuan, Eastern Samar",742.6,108.5,159.2,448.4,140.6,160.4,169.4,222.0,234.5,405.4,226.2,479.2,"3,496.4"
"Hinatuan, Surigao Del Sur","1,372.1",331.8,540.8,77.7,271.6,89.2,166.8,173.2,189.7,145.1,242.5,"1,043.3","4,643.8"
"Iba, Zambales",0.0,12.0,0.0,5.6,45.2,731.8,"1,027.7",633.2,"1,046.4",143.6,48.8,19.4,"3,713.7"
"Infanta, Quezon",176.7,74.0,169.7,62.1,127.7,37.7,127.7,336.8,140.7,760.9,428.4,517.9,"2,960.3"
"Itbayat, Batanes",27.8,35.7,7.2,9.8,105.4,389.0,161.8,104.6,301.4,124.1,118.1,117.8,"1,502.7"
"Juban, Sorsogon",393.4,182.4,418.4,189.8,32.8,312.4,545.7,154.0,274.4,363.5,373.4,"1,155.4","4,395.6"
"Laoag City, Ilocos Norte",0.0,4.4,0.0,0.0,0.3,516.8,266.8,325.2,646.2,11.7,4.2,0.0,"1,775.6"
"Legazpi City, Albay",114.3,47.8,322.3,120.5,32.6,162.1,443.1,264.1,342.0,303.9,324.4,750.1,"3,227.2"
"Lumbia, Misamis Oriental",…,…,…,…,…,…,…,…,…,…,…,…,…
"Maasin, Southern Leyte",705.4,103.8,391.5,137.5,53.0,355.9,331.5,355.0,295.2,282.9,172.3,511.8,"3,695.8"
"Mactan International Airport, Cebu",270.7,10.2,98.8,60.2,63.3,166.3,246.3,262.1,193.3,317.1,115.8,173.1,"1,977.2"
"Malaybalay, Bukidnon",385.3,84.4,132.8,69.5,109.9,281.3,265.1,475.7,169.6,195.4,320.6,259.3,"2,748.9"
"Masbate, Masbate",213.9,39.7,80.7,64.2,0.0,178.5,365.5,131.6,296.2,244.0,93.1,608.2,"2,315.6"
"NAIA (MIA), Pasay City",0.0,3.0,7.0,0.0,64.5,193.5,380.5,244.0,424.5,264.5,34.5,120.5,"1,736.5"
"Port Area (MCO), Manila",0.0,3.5,19.6,8.8,91.4,123.5,349.8,321.2,468.7,349.1,43.7,140.3,"1,919.6"
"Puerto Princesa City, Palawan",40.7,75.6,22.4,14.7,112.2,123.6,288.3,113.9,174.4,209.8,173.2,125.2,"1,474.0"
"Romblon, Romblon",70.1,87.0,97.4,78.5,109.2,274.7,371.6,211.4,187.8,295.6,117.7,316.8,"2,217.8"
"Roxas City, Capiz",98.1,43.4,63.1,69.5,40.8,299.3,186.1,241.3,219.5,234.5,86.0,347.0,"1,928.6"
"San Jose, Occidental Mindoro",10.3,3.0,2.4,98.4,41.7,583.6,800.4,114.0,778.6,268.0,16.6,54.0,"2,771.0"
"Sangley Point, Cavite",0.4,3.3,7.2,1.2,84.5,321.4,523.4,296.8,460.3,212.9,27.8,163.2,"2,102.4"
"Science Garden, Quezon City",0.0,0.8,21.6,22.6,107.2,242.9,478.0,412.1,727.2,405.3,94.6,154.5,"2,666.8"
"Sinait, Ilocos Sur (former Vigan Station)",0.0,1.7,0.0,0.0,23.0,563.6,520.6,486.0,661.6,29.0,0.0,1.9,"2,287.4"
"Surigao, Surigao Del Norte","1,285.9",299.9,678.0,203.8,54.2,147.0,149.7,81.1,174.1,289.4,393.2,678.7,"4,435.0"
"Tagbilaran City, Bohol (Station was transferred to Dauis, Bohol)",...,...,...,...,...,...,...,...,...,...,...,...,...
"Tacloban City, Leyte",...,...,...,...,...,...,241.9,167.2,206.9,220.0,155.8,825.1,"**1,816.9"
"Tanay, Rizal",11.9,4.8,39.8,3.4,46.0,276.9,527.4,312.7,631.7,292.8,117.6,265.8,"2,530.8"
"Tayabas, Quezon",30.0,21.2,91.1,20.5,83.6,167.1,337.4,253.9,293.1,608.9,332.2,700.9,"2,939.9"
"Tuguegarao, Cagayan",6.4,20.1,15.7,75.1,54.4,185.4,158.4,139.6,302.9,184.9,93.8,99.3,"1,336.0"
"Virac Synop, Catanduanes",98.6,28.6,140.8,107.0,39.3,260.0,321.5,165.5,633.7,335.3,273.9,615.6,"3,019.8"
"Zamboanga, Zamboanga Del Sur",38.5,21.6,122.4,14.7,60.9,43.1,109.4,110.3,166.4,306.2,13.4,66.7,"1,073.6"
Notes:,,,,,,,,,,,,,
** means annual values with missing months,,,,,,,,,,,,,
… No data,,,,,,,,,,,,,
"Source: Philippine Atmospheric, Geophysical and Astronomical Services Administration, Department of Science and Techonology",,,,,,,,,,,,,