Table 1.11,,,,,,,,,,
ANNUAL MEAN SEA LEVEL OF TIDE STATIONS ,,,,,,,,,,
2014 to 2023,,,,,,,,,,
(in meters),,,,,,,,,,
,,,,,,,,,,
Station,2014,2015,2016,2017,2018,2019,2020,2021,2022,2023
Balanacan,1.71,,1.70,1.70,1.70,1.70,1.70,1.71,1.71,1.70
Baler,1.20,1.18,1.20,1.22,1.21,1.20,1.19,1.20,1.21,1.26
Balintang,1.64,1.61,1.60,1.60,1.58,1.56,1.57,1.57,1.58,1.58
Bantayan,…,…,…,…,…,1.69,1.69,1.76,1.83,1.78
Batanes,…,1.03,1.13,…,…,…,…,1.04,1.06,1.04
Batangas,…,…,…,…,2.58,2.52,…,…,2.58,2.58
Bongao,2.65,2.62,2.61,2.62,2.62,2.62,2.62,2.62,2.59,…
Brookes Point,…,1.68,1.67,1.68,1.68,1.66,1.67,1.67,1.69,1.68
Bulan,1.50,1.48,1.52,1.53,1.53,1.53,1.53,1.54,1.54,1.55
Calapan,1.96,1.90,1.92,…,…,…,…,1.91,1.91,…
Catbalogan,2.08,2.04,2.03,2.04,2.04,2.04,2.04,2.05,2.06,2.06
Caticlan,1.45,1.46,1.46,1.45,1.45,1.45,1.43,1.43,1.43,1.43
Cagayan De Oro,2.52,2.50,2.49,…,…,2.47,2.47,2.49,2.51,2.52
Cebu,1.82,1.82,1.81,1.82,1.83,1.84,1.85,…,…,1.87
Coron,1.58,1.51,1.49,1.49,1.49,1.49,1.49,1.50,1.50,1.50
Currimao,1.41,1.38,1.37,1.37,1.37,1.38,1.39,1.40,1.42,1.42
Davao,2.10,2.09,2.07,2.05,2.03,2.02,2.01,2.01,2.02,2.01
Dumaguete,…,…,…,…,…,…,…,1.86,1.86,1.77
El Nido,1.64,1.61,1.60,1.61,1.62,1.62,1.62,1.63,1.63,1.64
General Santos,1.53,1.48,1.47,,1.47,1.53,1.53,1.55,1.56,1.56
Guiuan,1.90,1.86,1.85,1.86,1.85,1.85,1.86,1.87,1.88,1.89
Jose Panganiban,1.88,…,…,…,…,…,1.82,1.92,…,…
Legazpi,1.76,1.71,1.75,1.77,1.81,1.82,1.84,1.85,1.87,1.93
Limay,…,…,…,1.82,1.82,…,…,1.82,1.82,1.87
Lubang,0.92,0.94,0.93,0.92,0.92,0.91,0.92,0.93,0.94,0.94
"Mambajao, Camiguin",1.09,1.06,1.06,1.06,1.06,1.05,1.05,1.05,1.06,1.06
Mamburao,1.28,1.23,1.23,1.24,1.24,1.24,1.24,1.25,1.26,1.26
Manila,3.01,3.00,2.99,3.00,3.00,3.01,3.01,3.01,3.02,3.03
Mariveles,2.16,…,2.14,…,…,…,…,2.08,2.10,*
Masbate,…,…,…,1.77,1.78,1.77,1.78,1.79,1.80,1.81
Mati,2.64,2.62,2.61,2.62,2.62,2.60,2.60,2.61,2.63,2.63
Odiongan,1.14,1.14,1.14,1.15,1.16,1.16,1.17,…,…,1.17
Pagadian,1.91,1.89,1.88,1.88,1.89,1.88,1.89,1.90,1.90,1.90
Pasacao,…,…,…,…,2.58,2.63,2.62,2.64,2.65,2.64
Port Irene,…,…,…,2.45,2.54,2.56,2.57,2.59,2.60,2.60
Puerto Princesa,1.87,1.86,1.85,…,…,1.84,1.84,1.85,1.85,1.86
Pulupandan,1.38,1.34,1.33,1.34,1.35,1.35,1.35,1.36,1.37,1.42
Real,2.12,2.11,2.11,2.11,2.12,2.13,2.13,2.13,2.13,2.12
San Carlos,1.57,1.55,1.55,1.56,1.56,1.56,1.56,1.57,1.58,1.58
San Fernando,…,…,…,1.46,1.46,1.42,1.42,1.42,1.43,1.43
San Jose Antique,…,…,2.62,2.61,2.58,,2.59,2.60,2.61,2.61
San Jose Mindoro,1.84,1.80,1.78,1.76,1.74,1.74,1.74,1.75,1.75,1.76
San Jose Samar,2.15,2.12,2.11,2.11,2.12,2.11,2.11,2.12,2.13,2.13
San Vicente,1.55,1.54,…,1.56,…,…,…,…,…,*
Subic,1.42,1.43,1.43,1.44,1.46,1.47,1.49,1.50,1.52,…
Surigao,2.49,2.47,…,…,2.45,2.45,2.46,2.48,2.49,2.50
Tacloban,1.49,1.48,…,…,1.50,1.50,1.51,1.53,…,1.57
Tagbilaran,2.03,2.00,2.00,2.01,2.02,2.02,2.03,2.04,2.05,2.06
Tandag,1.97,1.96,1.96,2.01,2.02,2.01,2.01,2.02,2.04,2.05
Virac,1.67,1.62,1.64,1.64,1.65,1.66,1.66,1.67,1.68,1.67
Zamboanga,1.41,1.40,1.39,1.39,1.38,1.37,1.37,1.38,1.39,1.38
Note:,                                   ,,,,,,,,,
… No data,,,,,,,,,,
* Stopped Operation,,,,,,,,,,
Source: National Mapping and Resource Information Authority,,,,,,,,,,