Table 1.1.1,,,,,,,,,,,,
TEMPERATURE BY MONITORING STATION,,,,,,,,,,,,
2014,,,,,,,,,,,,
(in degrees Celsius),,,,,,,,,,,,
,,,,,,,,,,,,
Monitoring Station,Jan,Feb,Mar,Apr,May,Jun,Jul,Aug,Sep,Oct,Nov,Dec
"Alabat, Quezon",,,,,,,,,,,,
Maximum Temperature,  27.8 ,  28.8 ,  29.7 ,  31.6 ,  33.9 ,  33.6 ,  32.3 ,  32.1 ,  31.2 ,  30.4 ,  29.9 ,  28.1 
Minimum Temperature,  22.1 ,  22.0 ,  23.1 ,  24.5 ,  25.1 ,  24.7 ,  24.7 ,  24.1 ,  24.0 ,  23.9 ,  24.0 ,  23.3 
Mean Temperature,  24.9 ,  25.4 ,  26.4 ,  28.0 ,  29.5 ,  29.1 ,  28.5 ,  28.1 ,  27.6 ,  27.2 ,  26.9 ,  25.7 
"Ambulong, Batangas",,,,,,,,,,,,
Maximum Temperature,  28.4 ,  30.7 ,  32.0 ,  34.1 ,  35.0 ,  33.1 ,  31.1 ,  31.9 ,  31.4 ,  31.4 ,  31.3 ,  29.3 
Minimum Temperature,  20.9 ,  20.6 ,  22.1 ,  22.8 ,  24.5 ,  24.7 ,  24.2 ,  23.8 ,  23.6 ,  23.4 ,  23.2 ,  23.6 
Mean Temperature,  24.6 ,  25.6 ,  27.1 ,  28.4 ,  29.7 ,  28.9 ,  27.7 ,  27.8 ,  27.5 ,  27.4 ,  27.3 ,  26.5 
"Aparri, Cagayan",,,,,,,,,,,,
Maximum Temperature,  25.8 ,  27.4 ,  29.6 ,  32.5 ,  34.5 ,  33.4 ,  31.8 ,  32.0 ,  32.6 ,  31.6 ,  30.4 ,  26.8 
Minimum Temperature,  20.6 ,  22.0 ,  22.9 ,  24.8 ,  25.4 ,  25.2 ,  24.9 ,  24.7 ,  24.9 ,  24.8 ,  24.2 ,  22.4 
Mean Temperature,  23.2 ,  24.7 ,  26.2 ,  28.6 ,  30.0 ,  29.3 ,  28.4 ,  28.3 ,  28.8 ,  28.2 ,  27.3 ,  24.6 
"Baguio City, Benguet",,,,,,,,,,,,
Maximum Temperature,  21.0 ,  22.4 ,  24.1 ,  24.4 ,  25.0 ,  23.5 ,  22.8 ,  22.5 ,  23.3 ,  23.6 ,  24.2 ,  23.5 
Minimum Temperature,  10.6 ,  12.5 ,  13.9 ,  15.9 ,  16.6 ,  16.5 ,  16.1 ,  16.0 ,  16.1 ,  15.8 ,  15.1 ,  14.6 
Mean Temperature,  15.8 ,  17.4 ,  19.0 ,  20.1 ,  20.8 ,  20.0 ,  19.5 ,  19.3 ,  19.7 ,  19.7 ,  19.6 ,  19.0 
"Baler, Aurora (Radar)",,,,,,,,,,,,
Maximum Temperature,  26.9 ,  28.5 ,  28.8 ,  30.8 ,  32.7 ,  34.5 ,  32.7 ,  32.6 ,  31.8 ,  30.9 ,  30.1 ,  27.2 
Minimum Temperature,  19.2 ,  20.2 ,  21.3 ,  22.8 ,  24.7 ,  25.7 ,  24.6 ,  24.2 ,  24.2 ,  23.8 ,  23.1 ,  22.4 
Mean Temperature,  23.1 ,  24.4 ,  25.0 ,  26.8 ,  28.7 ,  30.1 ,  28.6 ,  28.4 ,  28.0 ,  27.3 ,  26.6 ,  24.8 
"Basco, Batanes (Radar)",,,,,,,,,,,,
Maximum Temperature,  23.6 ,  23.8 ,  25.0 ,  27.6 ,  30.7 ,  30.2 ,  29.9 ,  29.1 ,  30.0 ,  27.7 ,  26.3 ,  23.1 
Minimum Temperature,  16.6 ,  18.1 ,  19.2 ,  22.4 ,  25.3 ,  25.9 ,  25.7 ,  25.5 ,  24.4 ,  22.6 ,  21.6 ,  18.3 
Mean Temperature,  20.1 ,  20.9 ,  22.1 ,  25.0 ,  28.0 ,  28.0 ,  27.8 ,  27.3 ,  27.2 ,  25.2 ,  24.0 ,  20.7 
"Borongan, Eastern Samar",,,,,,,,,,,,
Maximum Temperature,  27.8 ,  29.9 ,  30.0 ,  30.7 ,  32.2 ,  31.8 ,  31.0 ,  31.5 ,  30.7 ,  31.3 ,  30.3 ,  29.5 
Minimum Temperature,  22.5 ,  22.2 ,  23.3 ,  23.7 ,  24.5 ,  24.4 ,  24.3 ,  23.6 ,  23.5 ,  24.1 ,  23.6 ,  24.1 
Mean Temperature,  25.1 ,  26.0 ,  26.7 ,  27.2 ,  28.4 ,  28.1 ,  27.6 ,  27.5 ,  27.1 ,  27.7 ,  27.0 ,  26.8 
"Butuan City, Agusan Del Norte",,,,,,,,,,,,
Maximum Temperature,  27.5 ,  30.3 ,  31.2 ,  32.1 ,  34.6 ,  33.7 ,  32.8 ,  33.0 ,  31.6 ,  32.2 ,  31.8 ,  31.0 
Minimum Temperature,  22.4 ,  22.2 ,  23.0 ,  24.2 ,  24.9 ,  25.0 ,  24.7 ,  24.1 ,  24.3 ,  24.6 ,  24.2 ,  24.1 
Mean Temperature,  24.9 ,  26.3 ,  27.1 ,  28.1 ,  29.7 ,  29.4 ,  28.8 ,  28.6 ,  27.9 ,  28.4 ,  28.0 ,  27.5 
"Cabanatuan, Nueva Ecija",,,,,,,,,,,,
Maximum Temperature,  30.3 ,  31.7 ,  33.4 ,  36.0 ,  37.5 ,  34.2 ,  32.2 ,  32.0 ,  31.8 ,  32.8 ,  33.4 ,  31.7 
Minimum Temperature,  20.6 ,  21.6 ,  22.8 ,  24.7 ,  25.5 ,  25.6 ,  25.0 ,  24.5 ,  24.3 ,  23.9 ,  23.3 ,  23.3 
Mean Temperature,  25.5 ,  26.7 ,  28.1 ,  30.3 ,  31.5 ,  29.9 ,  28.6 ,  28.3 ,  28.1 ,  28.4 ,  28.4 ,  27.5 
"Calapan, Oriental Mindoro",,,,,,,,,,,,
Maximum Temperature,  28.7 ,  30.0 ,  31.4 ,  33.6 ,  34.6 ,  32.8 ,  31.7 ,  32.3 ,  31.6 ,  31.2 ,  31.1 ,  29.4 
Minimum Temperature,  21.0 ,  22.0 ,  23.0 ,  24.1 ,  24.5 ,  24.2 ,  23.8 ,  23.8 ,  23.6 ,  23.4 ,  23.2 ,  22.9 
Mean Temperature,  24.8 ,  26.0 ,  27.2 ,  28.9 ,  29.5 ,  28.5 ,  27.7 ,  28.1 ,  27.6 ,  27.3 ,  27.1 ,  26.1 
"Calayan, Cagayan",,,,,,,,,,,,
Maximum Temperature,  27.7 ,  28.9 ,  29.7 ,  31.7 , ...,  33.5 ,  32.9 ,  31.6 ,  32.7 ,  32.1 ,  30.9 ,  26.3 
Minimum Temperature,  18.6 ,  19.6 ,  20.9 ,  23.9 , ...,  25.2 ,  24.8 ,  24.5 ,  24.7 ,  24.9 ,  23.6 ,  19.4 
Mean Temperature,  23.2 ,  24.3 ,  25.3 ,  27.8 , ...,  29.3 ,  28.8 ,  28.1 ,  28.7 ,  28.5 ,  27.2 ,  22.8 
"Casiguran, Aurora",,,,,,,,,,,,
Maximum Temperature,  26.8 ,  28.4 ,  29.5 ,  31.8 ,  35.0 ,  34.7 ,  33.4 ,  32.9 ,  32.3 ,  31.2 ,  30.2 ,  28.4 
Minimum Temperature,  20.0 ,  20.7 ,  21.3 ,  23.1 ,  24.5 ,  25.7 ,  25.1 ,  24.1 ,  24.2 ,  23.0 ,  22.3 ,  21.7 
Mean Temperature,  23.4 ,  24.6 ,  25.4 ,  27.5 ,  29.7 ,  30.2 ,  29.3 ,  28.5 ,  28.3 ,  27.1 ,  26.3 ,  25.1 
"Catarman, Northern Samar",,,,,,,,,,,,
Maximum Temperature,  27.7 ,  30.0 ,  30.6 ,  30.7 ,  33.2 ,  33.4 ,  31.4 ,  32.2 ,  31.3 ,  30.4 ,  30.5 ,  29.1 
Minimum Temperature,  22.4 ,  22.6 ,  23.4 ,  24.1 ,  24.2 ,  24.3 ,  23.8 ,  23.9 ,  23.3 ,  23.2 ,  23.4 ,  23.3 
Mean Temperature,  25.0 ,  26.3 ,  27.0 ,  27.4 ,  28.7 ,  28.9 ,  27.6 ,  28.0 ,  27.3 ,  26.8 ,  26.9 ,  26.2 
"Catbalogan, Western Samar",,,,,,,,,,,,
Maximum Temperature,  28.6 ,  31.4 ,  32.0 ,  32.2 ,  34.8 ,  34.4 ,  32.5 ,  33.5 ,  32.3 ,  32.6 ,  32.2 ,  31.0 
Minimum Temperature,  22.7 ,  22.5 ,  23.8 ,  24.3 ,  25.8 ,  25.8 ,  25.5 ,  25.3 ,  25.1 ,  24.8 ,  24.1 ,  24.4 
Mean Temperature,  25.6 ,  26.9 ,  27.9 ,  28.2 ,  30.3 ,  30.1 ,  29.0 ,  29.4 ,  28.7 ,  28.7 ,  28.2 ,  27.7 
"Clark International Airport, Pampanga",,,,,,,,,,,,
Maximum Temperature,  28.5 ,  30.6 ,  31.8 ,  34.0 ,  35.0 ,  31.4 ,  30.4 ,  30.9 ,  30.8 ,  31.0 ,  31.0 ,  29.5 
Minimum Temperature,  19.2 ,  20.8 ,  22.9 ,  24.3 ,  25.3 ,  24.6 ,  23.9 ,  23.8 ,  23.9 ,  24.1 ,  24.0 ,  23.2 
Mean Temperature,  23.9 ,  25.7 ,  27.4 ,  29.2 ,  30.1 ,  28.0 ,  27.2 ,  27.3 ,  27.4 ,  27.5 ,  27.5 ,  26.3 
"Coron, Palawan",,,,,,,,,,,,
Maximum Temperature, ..., ..., ..., ..., ..., ...,  29.9 ,  31.5 ,  30.3 ,  31.9 ,  34.3 ,  33.1 
Minimum Temperature,  23.9 , ..., ..., ..., ..., ...,  24.0 ,  24.0 ,  23.5 ,  23.7 ,  24.1 ,  24.3 
Mean Temperature, ..., ..., ..., ..., ..., ...,  27.0 ,  27.7 ,  26.9 ,  27.8 ,  29.2 ,  28.7 
"Cotabato City, Maguindanao",,,,,,,,,,,,
Maximum Temperature,  31.3 ,  32.7 ,  33.5 ,  33.6 ,  33.8 ,  32.7 ,  31.8 ,  32.5 ,  31.6 ,  32.2 ,  33.1 ,  32.7 
Minimum Temperature,  22.4 ,  23.0 ,  23.5 ,  23.7 ,  23.5 ,  23.4 ,  22.9 ,  22.9 ,  22.8 ,  23.0 ,  23.4 ,  23.4 
Mean Temperature,  26.9 ,  27.8 ,  28.5 ,  28.6 ,  28.7 ,  28.0 ,  27.4 ,  27.7 ,  27.2 ,  27.6 ,  28.2 ,  28.1 
"Cubi Point, Subic Bay Olongapo City, Zambales",,,,,,,,,,,,
Maximum Temperature,  30.6 ,  32.2 ,  33.7 ,  34.6 ,  35.9 ,  31.9 ,  30.7 ,  31.3 ,  31.6 ,  32.5 ,  32.6 ,  31.2 
Minimum Temperature,  21.0 ,  22.0 ,  23.3 ,  25.1 ,  26.0 ,  24.9 ,  24.2 ,  24.4 ,  24.4 ,  24.1 ,  24.0 ,  23.4 
Mean Temperature,  25.8 ,  27.1 ,  28.5 ,  29.8 ,  31.0 ,  28.4 ,  27.4 ,  27.8 ,  28.0 ,  28.3 ,  28.3 ,  27.3 
"Cuyo, Palawan",,,,,,,,,,,,
Maximum Temperature,  29.6 ,  30.7 ,  31.3 ,  32.2 ,  32.7 ,  31.6 ,  30.8 ,  31.7 ,  31.2 ,  31.9 ,  32.0 ,  31.2 
Minimum Temperature,  25.4 ,  25.8 ,  25.9 ,  26.1 ,  25.9 ,  25.3 ,  25.1 ,  25.5 ,  25.5 ,  25.4 ,  25.6 ,  25.4 
Mean Temperature,  27.5 ,  28.2 ,  28.6 ,  29.1 ,  29.3 ,  28.4 ,  27.9 ,  28.6 ,  28.3 ,  28.7 ,  28.8 ,  28.3 
"Daet, Camarines Norte",,,,,,,,,,,,
Maximum Temperature,  27.5 ,  28.7 ,  29.5 ,  31.0 ,  34.0 ,  34.0 ,  31.8 ,  32.3 ,  30.8 ,  30.4 ,  29.8 ,  28.8 
Minimum Temperature,  22.3 ,  22.0 ,  23.4 ,  25.1 ,  25.7 ,  25.6 ,  25.2 ,  24.6 ,  23.6 ,  24.2 ,  24.6 ,  23.9 
Mean Temperature,  24.9 ,  25.3 ,  26.5 ,  28.1 ,  29.8 ,  29.8 ,  28.5 ,  28.4 ,  27.2 ,  27.3 ,  27.2 ,  26.4 
"Dagupan City, Pangasinan",,,,,,,,,,,,
Maximum Temperature,  30.1 ,  31.5 ,  33.1 ,  34.6 ,  35.2 ,  32.4 ,  31.6 ,  31.3 ,  31.6 ,  32.6 ,  32.8 ,  31.2 
Minimum Temperature,  19.8 ,  20.9 ,  22.1 ,  24.7 ,  25.3 ,  24.8 ,  24.8 ,  24.6 ,  24.3 ,  24.5 ,  23.6 ,  22.8 
Mean Temperature,  25.0 ,  26.2 ,  27.6 ,  29.7 ,  30.3 ,  28.6 ,  28.2 ,  27.9 ,  28.0 ,  28.6 ,  28.2 ,  27.0 
"Dauis, Bohol",,,,,,,,,,,,
Maximum Temperature,  28.9 ,  30.0 ,  30.7 ,  32.0 ,  33.3 ,  32.7 ,  31.6 ,  31.9 ,  31.5 ,  32.1 ,  32.2 ,  31.1 
Minimum Temperature,  22.9 ,  22.2 ,  23.0 ,  23.8 ,  25.0 ,  25.2 ,  25.0 ,  24.5 ,  24.3 ,  24.3 ,  24.0 ,  23.8 
Mean Temperature,  25.9 ,  26.1 ,  26.8 ,  27.9 ,  29.2 ,  29.0 ,  28.3 ,  28.2 ,  27.9 ,  28.2 ,  28.1 ,  27.4 
"Davao City, Davao Del Sur",,,,,,,,,,,,
Maximum Temperature,  29.7 ,  31.7 ,  32.1 ,  33.5 ,  33.5 ,  32.9 ,  32.3 ,  32.7 ,  32.1 ,  32.9 ,  32.6 ,  32.1 
Minimum Temperature,  23.3 ,  23.9 ,  24.6 ,  25.2 ,  25.6 ,  25.4 ,  25.6 ,  24.8 ,  24.7 ,  25.3 ,  25.0 ,  24.7 
Mean Temperature,  26.5 ,  27.8 ,  28.3 ,  29.3 ,  29.5 ,  29.1 ,  28.9 ,  28.8 ,  28.4 ,  29.1 ,  28.8 ,  28.4 
"Dipolog, Zamboanga Del Norte",,,,,,,,,,,,
Maximum Temperature,  29.1 ,  30.4 ,  31.5 ,  32.2 ,  32.7 ,  33.0 ,  32.2 ,  33.0 ,  32.7 ,  32.4 ,  31.6 ,  31.2 
Minimum Temperature,  23.3 ,  23.2 ,  23.6 ,  23.8 ,  24.0 ,  24.0 ,  23.9 ,  24.1 ,  24.4 ,  24.0 ,  24.1 ,  24.4 
Mean Temperature,  26.2 ,  26.8 ,  27.6 ,  28.0 ,  28.4 ,  28.5 ,  28.1 ,  28.6 ,  28.5 ,  28.2 ,  27.9 ,  27.8 
"Dumaguete City, Negros Oriental",,,,,,,,,,,,
Maximum Temperature,  28.9 ,  30.0 ,  30.5 ,  31.7 ,  32.6 ,  32.9 ,  31.7 ,  32.7 ,  31.6 ,  31.4 ,  31.4 ,  30.6 
Minimum Temperature,  23.7 ,  23.6 ,  24.8 ,  25.2 ,  26.0 ,  25.1 ,  24.6 ,  24.4 ,  23.9 ,  24.3 ,  25.2 ,  25.2 
Mean Temperature,  26.3 ,  26.8 ,  27.7 ,  28.5 ,  29.3 ,  29.0 ,  28.2 ,  28.5 ,  27.8 ,  27.8 ,  28.3 ,  27.9 
"Molugan-El Salvador, Misamis Oriental (former Lumbia Station)",,,,,,,,,,,,
Maximum Temperature,  29.0 ,  30.1 ,  30.5 ,  31.4 ,  32.5 ,  32.8 ,  32.5 ,  32.4 ,  32.0 ,  32.3 ,  31.6 ,  31.2 
Minimum Temperature,  22.3 ,  22.5 ,  22.9 ,  23.7 ,  24.0 ,  23.8 ,  22.8 ,  22.5 ,  21.4 ,  23.6 ,  23.6 ,  23.6 
Mean Temperature,  25.7 ,  26.3 ,  26.7 ,  27.6 ,  28.3 ,  28.3 ,  27.6 ,  27.5 ,  26.7 ,  28.0 ,  27.6 ,  27.4 
"General Santos, South Cotabato",,,,,,,,,,,,
Maximum Temperature,  30.8 ,  32.3 ,  33.4 ,  34.4 ,  34.4 ,  33.1 ,  31.9 ,  32.5 ,  32.3 ,  33.4 ,  33.3 ,  33.4 
Minimum Temperature,  22.0 ,  22.1 ,  22.9 ,  23.4 ,  23.3 ,  23.2 ,  22.7 ,  22.5 ,  22.3 ,  22.9 ,  22.6 ,  23.0 
Mean Temperature,  26.4 ,  27.2 ,  28.1 ,  28.9 ,  28.9 ,  28.1 ,  27.3 ,  27.5 ,  27.3 ,  28.1 ,  28.0 ,  28.2 
"Guiuan, Eastern Samar",,,,,,,,,,,,
Maximum Temperature,  27.5 ,  29.0 ,  29.1 ,  29.8 ,  31.6 ,  32.0 ,  30.4 ,  31.4 ,  30.4 ,  30.9 ,  30.0 ,  28.8 
Minimum Temperature,  22.7 ,  23.0 ,  22.6 ,  23.6 ,  25.5 ,  25.1 ,  24.3 ,  24.2 ,  23.9 ,  24.1 ,  24.2 ,  23.6 
Mean Temperature,  25.1 ,  26.0 ,  25.9 ,  26.7 ,  28.5 ,  28.6 ,  27.4 ,  27.8 ,  27.1 ,  27.5 ,  27.1 ,  26.2 
"Hinatuan, Surigao Del Sur",,,,,,,,,,,,
Maximum Temperature,  28.4 ,  29.3 ,  29.5 ,  31.5 ,  31.9 ,  33.2 ,  32.8 ,  33.2 ,  32.3 ,  32.5 ,  30.8 ,  30.5 
Minimum Temperature,  22.7 ,  22.5 ,  23.4 ,  24.1 ,  24.8 ,  24.7 ,  24.6 ,  24.0 ,  24.2 ,  24.4 ,  23.8 ,  24.0 
Mean Temperature,  25.6 ,  25.9 ,  26.4 ,  27.8 ,  28.4 ,  28.9 ,  28.7 ,  28.6 ,  28.3 ,  28.4 ,  27.3 ,  27.2 
"Iba, Zambales",,,,,,,,,,,,
Maximum Temperature,  30.7 ,  30.6 ,  31.9 ,  33.3 ,  34.8 ,  32.2 ,  30.8 ,  30.7 ,  30.7 ,  31.5 ,  31.9 ,  31.1 
Minimum Temperature,  21.7 ,  21.9 ,  23.3 ,  25.5 ,  26.5 ,  25.2 ,  24.9 ,  24.7 ,  24.5 ,  24.5 ,  23.9 ,  23.3 
Mean Temperature,  26.2 ,  26.2 ,  27.6 ,  29.4 ,  30.6 ,  28.7 ,  27.9 ,  27.7 ,  27.6 ,  28.0 ,  27.9 ,  27.2 
"Infanta, Quezon",,,,,,,,,,,,
Maximum Temperature,  27.0 ,  27.8 ,  29.0 ,  31.0 ,  32.6 ,  33.9 ,  32.8 ,  32.1 ,  31.6 ,  30.4 ,  29.5 ,  27.9 
Minimum Temperature,  21.8 ,  21.7 ,  23.0 ,  24.4 ,  25.0 ,  25.3 ,  24.9 ,  24.6 ,  23.9 ,  24.0 ,  24.1 ,  23.3 
Mean Temperature,  24.4 ,  24.8 ,  26.0 ,  27.7 ,  28.8 ,  29.6 ,  28.9 ,  28.4 ,  27.7 ,  27.2 ,  26.8 ,  25.6 
"Itbayat, Batanes",,,,,,,,,,,,
Maximum Temperature,  23.6 ,  24.3 ,  25.6 ,  28.3 ,  31.4 ,  31.4 ,  31.5 ,  30.6 ,  30.6 ,  28.7 ,  27.0 ,  23.5 
Minimum Temperature,  16.3 ,  18.0 ,  18.8 ,  21.9 ,  24.4 ,  25.0 ,  25.4 ,  25.0 ,  24.6 ,  22.9 ,  21.7 ,  17.9 
Mean Temperature,  19.9 ,  21.2 ,  22.2 ,  25.1 ,  27.9 ,  28.2 ,  28.5 ,  27.8 ,  27.6 ,  25.8 ,  24.3 ,  20.7 
"Juban, Sorsogon",,,,,,,,,,,,
Maximum Temperature,  27.0 ,  29.0 ,  29.7 ,  30.6 ,  33.5 ,  33.0 ,  30.8 ,  31.9 ,  30.7 ,  30.4 ,  29.9 ,  28.4 
Minimum Temperature,  21.5 ,  20.2 ,  22.5 ,  23.1 ,  23.9 ,  24.7 ,  24.6 ,  24.2 ,  24.0 ,  23.8 ,  23.2 ,  23.6 
Mean Temperature,  24.2 ,  24.6 ,  26.1 ,  26.8 ,  28.7 ,  28.9 ,  27.7 ,  28.0 ,  27.3 ,  27.1 ,  26.5 ,  26.0 
"Laoag City, Ilocos Norte",,,,,,,,,,,,
Maximum Temperature,  28.7 ,  29.1 ,  31.2 ,  32.2 ,  33.5 ,  31.8 ,  31.2 ,  30.5 ,  31.1 ,  31.7 ,  32.1 ,  30.7 
Minimum Temperature,  17.8 ,  19.5 ,  21.6 ,  23.5 ,  25.3 ,  25.2 ,  25.3 ,  24.3 ,  24.4 ,  23.2 ,  22.4 ,  22.1 
Mean Temperature,  23.2 ,  24.3 ,  26.4 ,  27.9 ,  29.4 ,  28.5 ,  28.3 ,  27.4 ,  27.8 ,  27.4 ,  27.2 ,  26.4 
"Legazpi City, Albay",,,,,,,,,,,,
Maximum Temperature,  27.7 ,  29.7 ,  30.1 ,  31.2 ,  33.5 ,  33.6 ,  31.1 ,  32.3 ,  31.0 ,  30.7 ,  30.6 ,  28.7 
Minimum Temperature,  22.4 ,  22.2 ,  23.8 ,  24.8 ,  26.5 ,  26.2 ,  25.6 ,  25.5 ,  25.0 ,  24.8 ,  24.8 ,  24.8 
Mean Temperature,  25.0 ,  25.9 ,  26.9 ,  28.0 ,  30.0 ,  29.9 ,  28.4 ,  28.9 ,  28.0 ,  27.7 ,  27.7 ,  26.7 
"Lumbia, Misamis Oriental",,,,,,,,,,,,
Maximum Temperature, …, …, …, …, …, …, …, …, …, …, …, …
Minimum Temperature, …, …, …, …, …, …, …, …, …, …, …, …
Mean Temperature, …, …, …, …, …, …, …, …, …, …, …, …
"Maasin, Southern Leyte",,,,,,,,,,,,
Maximum Temperature,  28.0 ,  29.9 ,  30.6 ,  31.7 ,  33.9 ,  32.4 ,  30.7 ,  31.5 ,  30.7 ,  31.0 ,  30.7 ,  29.3 
Minimum Temperature,  22.2 ,  22.0 ,  22.8 ,  23.8 ,  25.1 ,  24.7 ,  24.8 ,  24.3 ,  23.9 ,  24.0 ,  24.2 ,  23.7 
Mean Temperature,  25.1 ,  26.0 ,  26.7 ,  27.7 ,  29.5 ,  28.6 ,  27.8 ,  27.9 ,  27.3 ,  27.5 ,  27.4 ,  26.5 
"Mactan International Airport, Cebu",,,,,,,,,,,,
Maximum Temperature,  28.5 ,  29.8 ,  30.4 ,  31.5 ,  33.0 ,  33.2 ,  31.2 ,  32.5 ,  30.8 ,  31.2 ,  31.3 ,  30.1 
Minimum Temperature,  23.0 ,  23.4 ,  24.3 ,  25.4 ,  26.5 ,  25.9 ,  25.3 ,  25.1 ,  24.7 ,  24.9 ,  25.3 ,  24.7 
Mean Temperature,  25.7 ,  26.6 ,  27.4 ,  28.4 ,  29.8 ,  29.5 ,  28.3 ,  28.8 ,  27.8 ,  28.1 ,  28.3 ,  27.4 
"Malaybalay, Bukidnon",,,,,,,,,,,,
Maximum Temperature,  27.4 ,  29.9 ,  30.4 ,  31.2 ,  31.8 ,  30.2 ,  28.5 ,  30.3 ,  29.0 ,  29.5 ,  30.7 ,  30.0 
Minimum Temperature,  17.8 ,  17.3 ,  18.4 ,  19.0 ,  19.3 ,  19.8 ,  19.3 ,  18.5 ,  18.8 ,  19.0 ,  18.2 ,  18.6 
Mean Temperature,  22.6 ,  23.6 ,  24.4 ,  25.1 ,  25.6 ,  25.0 ,  23.9 ,  24.4 ,  23.9 ,  24.2 ,  24.4 ,  24.3 
"Masbate, Masbate",,,,,,,,,,,,
Maximum Temperature,  28.6 ,  30.4 ,  31.5 ,  31.7 ,  34.1 ,  33.8 ,  31.5 ,  32.6 ,  31.6 ,  31.6 ,  32.0 ,  30.0 
Minimum Temperature,  23.1 ,  23.1 ,  23.8 ,  24.8 ,  26.1 ,  25.9 ,  25.0 ,  25.2 ,  25.0 ,  24.9 ,  24.8 ,  23.5 
Mean Temperature,  25.8 ,  26.8 ,  27.6 ,  28.2 ,  30.1 ,  29.9 ,  28.3 ,  28.9 ,  28.3 ,  28.2 ,  28.4 ,  26.8 
"NAIA (MIA), Pasay City",,,,,,,,,,,,
Maximum Temperature,  29.6 ,  31.3 ,  32.7 ,  35.0 ,  36.3 ,  32.6 ,  31.0 ,  31.2 ,  31.0 ,  31.8 ,  31.9 ,  30.1 
Minimum Temperature,  22.3 ,  22.9 ,  24.1 ,  26.3 ,  27.3 ,  26.4 ,  25.3 ,  25.6 ,  25.3 ,  25.0 ,  24.7 ,  24.3 
Mean Temperature,  26.0 ,  27.1 ,  28.4 ,  30.6 ,  31.8 ,  29.5 ,  28.2 ,  28.4 ,  28.1 ,  28.4 ,  28.3 ,  27.2 
"Port Area (MCO), Manila",,,,,,,,,,,,
Maximum Temperature,  29.2 ,  30.4 ,  32.0 ,  34.2 ,  35.4 ,  32.7 ,  31.4 ,  31.5 ,  31.4 ,  31.9 ,  31.7 ,  30.3 
Minimum Temperature,  22.1 ,  22.8 ,  24.4 ,  26.1 ,  26.5 ,  25.9 ,  24.8 ,  24.9 ,  25.1 ,  24.6 ,  24.5 ,  23.8 
Mean Temperature,  25.6 ,  26.6 ,  28.2 ,  30.1 ,  31.0 ,  29.3 ,  28.1 ,  28.2 ,  28.2 ,  28.2 ,  28.1 ,  27.0 
"Puerto Princesa City, Palawan",,,,,,,,,,,,
Maximum Temperature,  30.5 ,  30.6 ,  31.8 ,  33.0 ,  33.3 ,  32.0 ,  30.9 ,  31.6 ,  30.7 ,  31.5 ,  31.6 ,  31.1 
Minimum Temperature,  23.7 ,  22.8 ,  24.2 ,  25.2 ,  26.2 ,  25.3 ,  24.7 ,  24.8 ,  24.3 ,  24.7 ,  25.2 ,  25.0 
Mean Temperature,  27.1 ,  26.7 ,  28.0 ,  29.1 ,  29.8 ,  28.7 ,  27.8 ,  28.2 ,  27.5 ,  28.1 ,  28.4 ,  28.1 
"Romblon, Romblon",,,,,,,,,,,,
Maximum Temperature,  25.3 ,  27.5 ,  28.0 ,  29.4 ,  31.5 ,  30.8 ,  28.4 ,  29.5 ,  28.7 ,  28.9 ,  28.1 ,  26.6 
Minimum Temperature,  22.0 ,  22.6 ,  23.4 ,  24.6 ,  26.3 ,  26.2 ,  24.7 ,  25.1 ,  24.8 ,  24.6 ,  24.5 ,  23.8 
Mean Temperature,  23.7 ,  25.0 ,  25.7 ,  27.0 ,  28.9 ,  28.5 ,  26.6 ,  27.3 ,  26.8 ,  26.7 ,  26.3 ,  25.2 
"Roxas City, Capiz",,,,,,,,,,,,
Maximum Temperature,  27.8 ,  29.1 ,  30.0 ,  31.0 ,  33.0 ,  32.6 ,  31.1 ,  31.6 ,  30.9 ,  31.2 ,  31.5 ,  29.4 
Minimum Temperature,  24.6 ,  24.6 ,  25.4 ,  26.1 ,  26.8 ,  25.9 ,  25.5 ,  25.5 ,  25.3 ,  25.5 ,  26.1 ,  25.5 
Mean Temperature,  26.2 ,  26.9 ,  27.7 ,  28.6 ,  29.9 ,  29.2 ,  28.3 ,  28.5 ,  28.1 ,  28.3 ,  28.8 ,  27.4 
"San Jose, Occidental Mindoro",,,,,,,,,,,,
Maximum Temperature,  31.8 ,  32.4 ,  34.1 ,  33.8 ,  35.0 ,  32.2 ,  30.2 ,  31.4 ,  30.3 ,  31.8 ,  33.5 ,  32.0 
Minimum Temperature,  22.1 ,  21.7 ,  23.4 ,  23.8 ,  24.8 ,  24.4 ,  24.2 ,  23.6 ,  23.5 ,  23.5 ,  23.4 ,  23.4 
Mean Temperature,  27.0 ,  27.1 ,  28.8 ,  28.8 ,  29.9 ,  28.3 ,  27.2 ,  27.5 ,  26.9 ,  27.7 ,  28.5 ,  27.7 
"Sangley Point, Cavite",,,,,,,,,,,,
Maximum Temperature,  29.5 ,  31.3 ,  32.5 ,  35.0 ,  36.3 ,  33.2 ,  31.7 ,  32.0 ,  31.7 ,  32.0 ,  32.0 ,  30.1 
Minimum Temperature,  23.4 ,  24.1 ,  25.4 ,  26.8 ,  28.3 ,  27.0 ,  25.8 ,  26.5 ,  26.2 ,  26.2 ,  25.9 ,  25.2 
Mean Temperature,  26.4 ,  27.7 ,  28.9 ,  30.9 ,  32.3 ,  30.1 ,  28.7 ,  29.3 ,  29.0 ,  29.1 ,  28.9 ,  27.7 
"Science Garden, Quezon City",,,,,,,,,,,,
Maximum Temperature,  29.5 ,  30.8 ,  32.5 ,  34.2 ,  35.4 ,  33.0 ,  31.4 ,  31.4 ,  31.6 ,  31.9 ,  31.8 ,  30.4 
Minimum Temperature,  19.8 ,  20.7 ,  22.1 ,  24.0 ,  25.2 ,  25.6 ,  24.8 ,  24.2 ,  24.2 ,  23.7 ,  23.0 ,  22.9 
Mean Temperature,  24.6 ,  25.7 ,  27.3 ,  29.1 ,  30.3 ,  29.3 ,  28.1 ,  27.8 ,  27.9 ,  27.8 ,  27.4 ,  26.6 
"Sinait, Ilocos Sur (former Vigan Station)",,,,,,,,,,,,
Maximum Temperature,  28.9 ,  29.3 ,  31.3 ,  32.3 ,  33.8 ,  32.2 ,  31.4 ,  30.6 ,  31.2 ,  31.8 ,  31.9 ,  30.9 
Minimum Temperature,  18.7 ,  20.0 ,  21.9 ,  23.9 ,  25.2 ,  24.9 ,  24.5 ,  23.9 ,  23.8 ,  22.9 ,  22.6 ,  22.5 
Mean Temperature,  23.8 ,  24.7 ,  26.6 ,  28.1 ,  29.5 ,  28.5 ,  27.9 ,  27.2 ,  27.5 ,  27.4 ,  27.3 ,  26.7 
"Surigao, Surigao Del Norte",,,,,,,,,,,,
Maximum Temperature,  27.5 ,  29.6 ,  30.7 ,  31.6 ,  33.5 ,  33.9 ,  32.3 ,  33.6 ,  32.1 ,  32.4 ,  31.6 ,  30.1 
Minimum Temperature,  21.9 ,  21.8 ,  22.9 ,  23.9 ,  24.6 ,  24.7 ,  24.0 ,  24.3 ,  23.6 ,  23.6 ,  23.1 ,  22.5 
Mean Temperature,  24.7 ,  25.7 ,  26.8 ,  27.8 ,  29.0 ,  29.3 ,  28.2 ,  29.0 ,  27.9 ,  28.0 ,  27.3 ,  26.3 
"Tagbilaran City, Bohol (Station was transferred to Dauis, Bohol in 2013)",,,,,,,,,,,,
Maximum Temperature, …, …, …, …, …, …, …, …, …, …, …, …
Minimum Temperature, …, …, …, …, …, …, …, …, …, …, …, …
Mean Temperature, …, …, …, …, …, …, …, …, …, …, …, …
"Tacloban City, Leyte",,,,,,,,,,,,
Maximum Temperature,  27.7 ,  30.2 ,  30.3 ,  30.9 ,  32.7 ,  32.4 ,  31.7 ,  32.4 ,  31.5 ,  31.9 ,  31.5 ,  30.1 
Minimum Temperature,  22.9 ,  22.7 ,  23.7 ,  24.5 ,  25.7 ,  24.3 ,  24.9 ,  24.5 ,  24.7 ,  24.6 ,  24.4 ,  24.2 
Mean Temperature,  25.3 ,  26.5 ,  27.0 ,  27.7 ,  29.2 ,  28.4 ,  28.3 ,  28.5 ,  28.1 ,  28.2 ,  27.9 ,  27.1 
"Tanay, Rizal",,,,,,,,,,,,
Maximum Temperature,  23.0 ,  25.3 ,  25.9 ,  29.1 ,  31.4 ,  28.7 ,  26.2 ,  26.7 ,  26.7 ,  26.3 ,  26.0 ,  23.6 
Minimum Temperature,  16.9 ,  17.9 ,  18.4 ,  20.2 ,  21.5 ,  20.7 ,  20.3 ,  20.2 ,  20.2 ,  20.1 ,  19.9 ,  19.3 
Mean Temperature,  19.9 ,  21.6 ,  22.1 ,  24.6 ,  26.5 ,  24.7 ,  23.2 ,  23.5 ,  23.4 ,  23.2 ,  23.0 ,  21.5 
"Tayabas, Quezon",,,,,,,,,,,,
Maximum Temperature,  26.9 ,  28.6 ,  29.5 ,  32.0 ,  33.7 ,  32.5 ,  30.7 ,  31.6 ,  30.1 ,  29.5 ,  29.0 ,  26.9 
Minimum Temperature,  18.3 ,  18.8 ,  22.3 ,  23.1 ,  24.5 ,  23.6 ,  23.2 ,  23.0 ,  22.7 ,  23.3 ,  23.0 ,  22.0 
Mean Temperature,  22.6 ,  23.7 ,  25.9 ,  27.6 ,  29.1 ,  28.1 ,  27.0 ,  27.3 ,  26.4 ,  26.4 ,  26.0 ,  24.4 
"Tuguegarao, Cagayan",,,,,,,,,,,,
Maximum Temperature,  26.5 ,  30.0 ,  32.3 ,  35.1 ,  37.5 ,  36.7 ,  34.0 ,  33.8 ,  33.2 ,  31.0 ,  30.5 ,  27.3 
Minimum Temperature,  17.6 ,  19.4 ,  21.3 ,  23.4 ,  24.9 ,  25.0 ,  24.9 ,  24.5 ,  24.2 ,  22.8 ,  21.9 ,  21.0 
Mean Temperature,  22.1 ,  24.7 ,  26.8 ,  29.2 ,  31.2 ,  30.8 ,  29.5 ,  29.2 ,  28.7 ,  26.9 ,  26.2 ,  24.2 
"Virac Synop, Catanduanes",,,,,,,,,,,,
Maximum Temperature,  27.8 ,  29.4 ,  30.3 ,  30.8 ,  32.7 ,  33.3 ,  31.3 ,  32.5 ,  31.7 ,  31.1 ,  30.4 ,  29.7 
Minimum Temperature,  22.0 ,  21.4 ,  22.4 ,  23.0 ,  24.5 ,  25.0 ,  24.7 ,  24.1 ,  24.0 ,  23.7 ,  23.3 ,  23.2 
Mean Temperature,  24.9 ,  25.4 ,  26.3 ,  26.9 ,  28.6 ,  29.2 ,  28.0 ,  28.3 ,  27.9 ,  27.4 ,  26.9 ,  26.5 
"Zamboanga, Zamboanga Del Sur",,,,,,,,,,,,
Maximum Temperature,  31.3 ,  32.5 ,  33.3 ,  33.5 ,  34.1 ,  33.8 ,  33.5 ,  33.1 ,  32.5 ,  33.0 ,  34.2 ,  34.1 
Minimum Temperature,  23.2 ,  23.1 ,  24.1 ,  24.4 ,  25.0 ,  24.9 ,  24.8 ,  24.5 ,  23.9 ,  24.3 ,  24.2 ,  24.1 
Mean Temperature,  27.2 ,  27.8 ,  28.7 ,  29.0 ,  29.5 ,  29.3 ,  29.1 ,  28.8 ,  28.2 ,  28.7 ,  29.2 ,  29.1 
Note:,,,,,,,,,,,,
… No data,,,,,,,,,,,,
"Source: Philippine Atmospheric, Geophysical and Astronomical Services Administration, Department of Science and Techonology",,,,,,,,,,,,